title,title_sentiment_score,text_sentiment_score,date,rating
" 1000th review
",0.0,0.8793,2021-03-28 00:00:00,10
" nice movie
",0.4215,-0.9022,2021-03-27 00:00:00,8
" Furious first half, lacklustre latter
",-0.5719,-0.9452,2021-03-27 00:00:00,6
" Didn't watch it for its accuracy I watched it for its action.
",0.0,-0.9338,2021-03-22 00:00:00,8
" Not a Brad Pit fan....
",0.0,0.7217,2021-03-19 00:00:00,8
" Fury (about the historically incorrect tactics)
",-0.5719,-0.6199,2021-03-15 00:00:00,7
" Unrealistic. Paints that the Germans can't shoot...
",0.0,-0.9715,2021-03-10 00:00:00,4
" ClichÃ© fest
",0.0,-0.1027,2021-03-08 00:00:00,3
" This movie is missing something
",-0.296,0.8641,2021-03-01 00:00:00,6
" The final scene ruins what could have been a great (though historically unaccurate) movie
",0.296,-0.9463,2021-02-27 00:00:00,5
" Excellent
",0.5719,0.6696,2021-02-17 00:00:00,10
" The 2nd best war movie I've ever seen (big war movie buff here)
",-0.5574,0.5468,2021-02-10 00:00:00,10
" Too harsh
",-0.4404,-0.9313,2021-02-03 00:00:00,7
" Wow, tough crowd!
",0.5562,0.954,2021-02-01 00:00:00,9
" Loved it.
",0.5994,0.7906,2021-01-31 00:00:00,10
" Seems like Brad wanted to have his own Private Ryan
",0.3612,0.9182,2021-01-24 00:00:00,8
" Stupidest war movie ever
",-0.8074,-0.6908,2021-01-18 00:00:00,1
" A decent enough film.
",0.0,-0.6575,2021-01-17 00:00:00,7
" POINTLESS VIOLENT MOVIE
",-0.5994,0.9473,2021-01-08 00:00:00,1
" Ideals are peaceful, History is violent
",0.0258,0.8126,2021-01-07 00:00:00,9
" Compelling & terrific
",0.6124,-0.7783,2021-01-04 00:00:00,8
" Great movie
",0.6249,0.4019,2021-01-02 00:00:00,8
" Solid but not very realistic
",0.0772,-0.308,2020-12-30 00:00:00,7
" TANKS IN ACTION
",0.0,0.3431,2020-12-27 00:00:00,10
" A powerful film
",0.4215,-0.8883,2020-12-22 00:00:00,8
" Fury Review
",-0.5719,0.94,2020-12-19 00:00:00,8
" This movie could have been good, but it sucked instead.
",-0.4678,0.5865,2020-12-19 00:00:00,3
" This movie is more accurate than you believe. Highly Recommended
",0.2716,0.9672,2020-12-18 00:00:00,9
" Basically boring until it ain't.
",-0.3182,0.4588,2020-12-16 00:00:00,6
" A below average war movie
",-0.5994,-0.5994,2020-12-10 00:00:00,4
" Entertaining but not educational.
",0.2382,0.8014,2020-12-03 00:00:00,6
" Such a waste of good talent
",0.4404,0.8934,2020-11-28 00:00:00,5
" Loved it
",0.5994,0.8374,2020-11-21 00:00:00,8
" Not worth watching
",-0.1695,-0.7665,2020-11-21 00:00:00,3
" Shia + Brad Pitt shine
",0.0,-0.0317,2020-11-21 00:00:00,7
" There is no word for this amazing movie
",0.5106,0.8973,2020-11-20 00:00:00,10
" Who were the bad guys again?
",-0.5423,-0.9862,2020-11-15 00:00:00,2
" Surprised
",0.2263,-0.0258,2020-11-14 00:00:00,8
" Call of duty WW2 THE MOVIEðŸ˜‚
",0.0,0.0387,2020-11-07 00:00:00,5
" Far-fetched but fierce, brutal WWII action film
",-0.7684,-0.9922,2020-11-03 00:00:00,9
" Excellent war movie - Pitt at his best
",0.6124,-0.0821,2020-11-02 00:00:00,9
" Pretty good overall
",0.7269,-0.9845,2020-10-31 00:00:00,7
" Honest review
",0.5106,0.647,2020-10-15 00:00:00,5
" Ohhh just watch american hero
",0.5574,-0.6908,2020-10-09 00:00:00,2
" ClichÃ© isn't quite a harsh enough word
",0.3865,0.963,2020-10-07 00:00:00,6
" Fantastic
",0.5574,0.7906,2020-10-02 00:00:00,8
" Almost really good
",0.4432,-0.5023,2020-09-27 00:00:00,6
" WW2 in Hollywood
",0.0,0.0,2020-09-25 00:00:00,1
" No fury, but FLUFFY. No real credibility. Cliche dialogues. Average direction. Lots of cruel slaughter scenes though for those who love that kind of stuff...
",-0.631,-0.1491,2020-09-24 00:00:00,5
" Another cheesy war movie.
",-0.5994,-0.9889,2020-09-21 00:00:00,5
" Excellent
",0.5719,0.8625,2020-09-20 00:00:00,8
" Yeah? No, sorry, but Brad Pitt ruined it
",-0.6486,0.34,2020-09-20 00:00:00,1
" Detailed and Real
",0.0,-0.7543,2020-09-19 00:00:00,9
" My 3rd time watching Fury. Strong Character Driven War Movie I Have Ever Seen
",-0.6486,0.2732,2020-09-18 00:00:00,8
" Don't follow the bad reviews. it's an masterpiece.
",0.7876,0.9061,2020-09-10 00:00:00,10
" Accurate in some respects but fantastic in others.
",0.7615,-0.9818,2020-09-09 00:00:00,7
" No thanks.
",0.1779,-0.9838,2020-09-07 00:00:00,1
" Weired mix of propaganda, glorification of war crimes and unrealistic events
",-0.4404,-0.6914,2020-08-30 00:00:00,4
" Great movie
",0.6249,0.0,2020-08-29 00:00:00,8
" The only bad thing with this movie is...
",-0.5423,0.8979,2020-08-27 00:00:00,9
" Worth watching multiple times
",0.2263,0.7845,2020-08-24 00:00:00,10
" War is Hell
",-0.8591,0.8462,2020-08-23 00:00:00,6
" They got the Tanks' suspension right!
",0.0,-0.2481,2020-08-23 00:00:00,3
" Great film but
",0.3716,0.9612,2020-08-21 00:00:00,8
" One of my faves
",0.0,-0.0926,2020-08-20 00:00:00,8
" Fury was good
",-0.2023,0.9351,2020-08-07 00:00:00,9
" This is one of the only solid films made in the last 2 decades.
",0.1531,-0.3265,2020-08-05 00:00:00,9
" It's worth it!
",0.2942,0.4397,2020-07-30 00:00:00,8
" Not worth your time
",-0.1695,0.4118,2020-07-20 00:00:00,1
" I do not understand the low star reviews.
",0.2057,0.9238,2020-07-19 00:00:00,9
" I have watched it several times... Entertainment yes, accuracy no.
",0.5106,0.9487,2020-07-18 00:00:00,8
" good but slightly unrealistic
",0.2382,0.3604,2020-07-15 00:00:00,7
" Gripping from start to finish
",0.0,-0.5994,2020-07-15 00:00:00,9
" Brad Pitt Bomb
",-0.4939,-0.8992,2020-07-12 00:00:00,1
" ""Ideals are peaceful........history is violent.""
",0.2023,-0.7922,2020-07-10 00:00:00,8
" If you like war movies, this is one of the best.
",0.4215,-0.7226,2020-07-08 00:00:00,9
" Travels in my Tank...
",0.0,0.9602,2020-06-27 00:00:00,6
" Know what to expect and you should enjoy it
",0.4939,-0.2,2020-06-18 00:00:00,7
" One of the very best movies ever made about the (second world) war
",0.1513,0.165,2020-06-18 00:00:00,10
" Snow White and the Seven Dwarfs..!
",0.0,-0.7543,2020-06-17 00:00:00,4
" wow
",0.5859,-0.4767,2020-06-17 00:00:00,10
" A Lost Rambo Scene
",-0.3182,0.9407,2020-06-16 00:00:00,4
" good
",0.4404,-0.6808,2020-06-15 00:00:00,7
" Bloated,Bug-Eyed Brad Pitt Is Embarrassing
",-0.3818,-0.9792,2020-06-11 00:00:00,1
" Genuinely Moving Film
",0.0,0.0634,2020-06-11 00:00:00,9
" Violent and empty
",-0.6908,-0.9418,2020-06-09 00:00:00,3
" Yet another movie with characters I don't care about...no matter how hard they tried
",-0.477,-0.9251,2020-06-08 00:00:00,3
" Great
",0.6249,-0.9471,2020-06-07 00:00:00,9
" Excellent
",0.5719,-0.7227,2020-06-07 00:00:00,8
" Powerful Film
",0.4215,0.086,2020-06-07 00:00:00,10
" Very good casting
",0.4927,0.9081,2020-06-05 00:00:00,9
" Mixed feelings ...
",0.0,0.8625,2020-06-04 00:00:00,6
" Extreme heroism
",0.5859,-0.3543,2020-06-03 00:00:00,5
" Great Movie.
",0.6249,-0.3818,2020-05-30 00:00:00,9
" War Psychology
",-0.5994,-0.9961,2020-05-28 00:00:00,8
" Another Pitt masterpiece complemented by rising star Lerman
",0.6249,0.9988,2020-05-26 00:00:00,10
" Stop crying enemies of America
",-0.8176,-0.885,2020-05-25 00:00:00,8
" Definitely not my favorite....
",0.4019,-0.9398,2020-05-24 00:00:00,7
" A good film
",0.4404,-0.865,2020-05-24 00:00:00,6
" Awesome
",0.6249,0.9571,2020-05-24 00:00:00,9
" Thrilling
",0.4767,0.6114,2020-05-22 00:00:00,8
" Utter garbage
",0.0,-0.6249,2020-05-17 00:00:00,2
" Matt Francis reviews.
",0.0,0.3638,2020-05-09 00:00:00,8
" good entertainment
",0.6908,-0.8338,2020-05-07 00:00:00,7
" Good
",0.4404,0.0,2020-05-07 00:00:00,7
" Just perfect.
",0.5719,0.4659,2020-05-04 00:00:00,10
" Sven Hassel comes to America
",0.0,-0.9615,2020-05-02 00:00:00,10
" Macho, macho man
",0.0,0.1593,2020-05-01 00:00:00,3
" Great movie with some flaws
",0.6249,0.9876,2020-04-19 00:00:00,7
" WOW!
",0.6239,-0.68,2020-04-15 00:00:00,9
" Thrilling friendship, but laughable battles
",-0.0258,0.8427,2020-04-04 00:00:00,8
" Cad's Army
",0.0,0.9602,2020-04-04 00:00:00,3
" Action packed...
",0.0,0.9413,2020-03-31 00:00:00,7
" a great tank movie
",0.6249,0.3612,2020-03-29 00:00:00,10
" Only to be watched as an action movie
",0.0,-0.5515,2020-03-28 00:00:00,6
" war movies...
",-0.5994,-0.7184,2020-03-27 00:00:00,8
" Great ww2 movie
",0.6249,0.6249,2020-03-22 00:00:00,8
" One of the best war movies
",0.0772,0.9216,2020-03-17 00:00:00,10
" War is always cruelty
",-0.8316,-0.9601,2020-03-16 00:00:00,10
" A Brad Pitt film, not a WW2 film.
",0.0,-0.9843,2020-03-15 00:00:00,5
" Fake
",-0.4767,-0.9754,2020-03-13 00:00:00,3
" Gripping war film
",-0.5994,0.8999,2020-03-11 00:00:00,9
" Great movie, but the ending sucks
",-0.1779,-0.6565,2020-03-06 00:00:00,8
" It's just a story!
",0.0,-0.7507,2020-03-01 00:00:00,9
" Typical American stereotype without substance.
",-0.3182,0.8093,2020-02-29 00:00:00,1
" A Good War Movie (8.3)
",-0.25,0.9678,2020-02-28 00:00:00,8
" The best WW2 movie Ive ever watched
",0.6369,0.8408,2020-02-25 00:00:00,10
" An insult to all those great men
",0.2023,-0.7506,2020-02-24 00:00:00,1
" love this movie highly recommend.
",0.7902,0.7845,2020-02-23 00:00:00,9
" The best WW2 movie so far
",0.6369,0.6688,2020-02-22 00:00:00,9
" Very entertaining movie!!
",0.5827,0.6188,2020-02-19 00:00:00,10
" a butthole full of gung-ho American crap
",-0.3818,-0.8402,2020-02-18 00:00:00,1
" Do you love war movies? This is a fantastic and scary movie. It sends a message with style. ( C+Movie ) My Ratings 8/10
",0.1779,0.0516,2020-02-17 00:00:00,8
" Not authentic
",0.0,-0.5334,2020-02-16 00:00:00,4
" Amazing
",0.5859,0.6908,2020-02-07 00:00:00,10
" Starts well, endpart BS.
",0.2732,0.9744,2020-02-05 00:00:00,4
" Ok movie but didn't need the god talk
",-0.1583,0.2382,2020-02-04 00:00:00,2
" Pain and angry on war
",-0.8885,-0.9786,2020-02-04 00:00:00,8
" Good
",0.4404,0.6542,2020-01-31 00:00:00,7
" Realistic showcase of total war in WW2
",-0.5994,-0.9568,2020-01-30 00:00:00,10
" Not much to say - violence porn. It's going around these days.
",-0.6249,0.6898,2020-01-28 00:00:00,5
" Visually correct. Technically inaccurate and a limp storyline
",0.0,-0.0299,2020-01-26 00:00:00,1
" Abo22od
",0.0,0.8688,2020-01-24 00:00:00,9
" Abo22od
",0.0,0.659,2020-01-24 00:00:00,9
" absolute garbage
",0.0,-0.9485,2020-01-24 00:00:00,1
" Science Fiction
",0.0,-0.1937,2020-01-15 00:00:00,2
" Tanks for the memory
",0.0,-0.8464,2020-01-11 00:00:00,7
" Men often make up in wrath what they want in reason
",0.0772,-0.8872,2020-01-10 00:00:00,9
" Unbelievable
",0.2023,0.4404,2020-01-08 00:00:00,10
" Incredible
",0.0,0.9423,2020-01-08 00:00:00,8
" Generic WWII hero movie
",0.5574,-0.9802,2020-01-05 00:00:00,4
" Definitely worth a watch...
",0.5574,0.6531,2020-01-04 00:00:00,7
" Nice seeing the war from a tank perspective
",-0.2732,0.2732,2020-01-03 00:00:00,8
" The gore of war . . .
",-0.5994,0.9561,2020-01-02 00:00:00,8
" Fake Hollywood !
",-0.5255,0.72,2020-01-01 00:00:00,1
" Very Realistic
",0.0,-0.5035,2019-12-23 00:00:00,8
" The power of movies and the power of Unit in WW2
",0.0,0.9915,2019-12-18 00:00:00,10
" War is ugly and disgusting
",-0.891,-0.9022,2019-12-15 00:00:00,7
" Pitt Burns
",0.0,0.7506,2019-12-15 00:00:00,6
" Could have been so much more
",0.0,-0.99,2019-12-14 00:00:00,6
" Sven Hassel
",0.0,0.0,2019-12-11 00:00:00,3
" WW2 with laser beams
",0.0,-0.5255,2019-12-07 00:00:00,2
" Gritty war film
",-0.5994,0.9622,2019-12-04 00:00:00,9
" What an incredible film
",0.0,0.765,2019-12-02 00:00:00,10
" Respect for our Military, salute!
",0.5255,-0.0161,2019-11-24 00:00:00,10
" genre expectations: war
",-0.5994,0.5994,2019-11-23 00:00:00,7
" Brutal tanks
",-0.6249,-0.9942,2019-11-22 00:00:00,8
" Furious!!!
",-0.6784,0.72,2019-11-21 00:00:00,8
" One of the best movies
",0.6369,0.9039,2019-11-06 00:00:00,10
" furry
",0.0,-0.0516,2019-11-03 00:00:00,1
" glorification of a war criminal
",-0.6486,-0.8402,2019-10-20 00:00:00,2
" Chuck Norris film, but with Brad Pitt and more budget
",0.0,-0.4118,2019-10-17 00:00:00,2
" Love this movie
",0.6369,0.6597,2019-10-10 00:00:00,10
" my favorite movie
",0.4588,0.2247,2019-10-07 00:00:00,10
" The horror of war
",-0.8225,-0.9889,2019-10-06 00:00:00,8
" A great war movie!
",0.126,0.96,2019-10-05 00:00:00,8
" Unwatchable
",0.0,-0.296,2019-09-27 00:00:00,1
" A Fun Little Fiction About Blowing Up Nazis
",0.5106,-0.5715,2019-09-26 00:00:00,7
" Went from a great depiction of war to shoot em' up like a video game.
",0.0772,0.012,2019-09-22 00:00:00,7
" A Total Disaster Avoid This Vile Movie
",-0.886,-0.7573,2019-08-21 00:00:00,3
" Didn't know they used lasers in WW2
",0.0,-0.2732,2019-08-17 00:00:00,7
" Good tank
",0.4404,-0.5267,2019-08-17 00:00:00,9
" More WWII according to the US
",0.0,-0.9946,2019-08-02 00:00:00,3
" Fairytale
",0.0,-0.913,2019-07-21 00:00:00,1
" Enjoyable tank movie, unrealistic ending
",0.4404,0.7845,2019-07-18 00:00:00,7
" Unrealistci biased bad movie.
",-0.6808,-0.7902,2019-07-02 00:00:00,4
" Good actors desperately trying to turn silly dialogues and stupid script into a good movie
",-0.0258,-0.1546,2019-06-30 00:00:00,6
" my notes
",0.0,0.9153,2019-06-25 00:00:00,6
" A well shot film but slightly marred by hidden agenda
",0.1406,0.8916,2019-06-17 00:00:00,6
" Silly movie
",0.0258,0.9591,2019-06-16 00:00:00,1
" Worst war movie ever
",-0.8402,-0.5561,2019-06-16 00:00:00,1
" Made me cry
",-0.4767,0.3788,2019-05-25 00:00:00,10
" Fury: My Good, Bad, and Ugly
",-0.8225,-0.9907,2019-05-20 00:00:00,7
" A good movie no needs to be an historical documentary.
",0.1779,0.3314,2019-05-19 00:00:00,8
" A good boys own story with unbelievable ending
",0.5719,-0.8008,2019-05-19 00:00:00,5
" Could've been the new Saving Private Ryan, but missed the mark
",-0.4215,-0.9969,2019-04-28 00:00:00,7
" Why do we have to keep doing cliche war movies?
",-0.5994,0.0,2019-04-14 00:00:00,3
" The Final Chapter Destroyed Fury
",-0.7845,-0.9747,2019-04-09 00:00:00,4
" Just excellent and this is all you need to know about it!
",0.6114,-0.517,2019-04-07 00:00:00,9
" Best film ever!
",0.6696,0.8126,2019-04-05 00:00:00,10
" Great WW2 Tank Focused Film With Subpar Script
",0.7717,0.3297,2019-04-01 00:00:00,6
" Oh boy, run now you still can ...
",0.0,-0.7118,2019-03-30 00:00:00,1
" Really remarkable ACTION movie.
",0.5984,0.6365,2019-03-25 00:00:00,7
" One of the best.
",0.6369,0.9529,2019-03-19 00:00:00,10
" More like a fantasy or superhero movie
",0.4201,-0.9967,2019-03-10 00:00:00,1
" Banger
",0.0,0.9669,2019-02-28 00:00:00,10
" A fantastic war movie.
",-0.0772,0.8207,2019-02-25 00:00:00,10
" 1 STAR?!
",0.0,0.9134,2019-02-12 00:00:00,10
" Biggest waste of time i'll never get back
",-0.4215,-0.6453,2019-02-06 00:00:00,1
" The only movie that portrayes the enemy as human.
",-0.5423,-0.9877,2019-01-23 00:00:00,10
" Solid
",0.1531,-0.9791,2019-01-15 00:00:00,8
" Fury is paying to watch it
",-0.5719,-0.7579,2019-01-03 00:00:00,1
" Cheesy....Not worth the Time
",0.2263,-0.6876,2018-12-29 00:00:00,3
" Unrealistic, BUT highly enjoyable
",0.6474,0.9567,2018-12-26 00:00:00,9
" Garbage.
",0.0,-0.9621,2018-12-22 00:00:00,1
" Damaged by war!
",-0.7959,-0.9741,2018-12-19 00:00:00,8
" Great movie, although sometimes a bit hard to believe
",0.5719,0.7083,2018-12-16 00:00:00,9
" To me it was good!
",0.4926,0.5969,2018-12-14 00:00:00,9
" Goooood thats great!!!!!!! Â¡!!!!!!!!!!!!!!!!!
",0.0,0.0,2018-12-09 00:00:00,10
" FURY
",-0.5719,-0.2808,2018-11-27 00:00:00,10
" trash
",0.0,-0.8873,2018-11-25 00:00:00,1
" Started off with promise but not a good end
",-0.3525,-0.3612,2018-11-16 00:00:00,5
" Loved it
",0.5994,-0.088,2018-11-14 00:00:00,9
" Best army movie I have ever seen
",0.6369,0.8221,2018-11-03 00:00:00,10
" Maybe in a Mirror Universe things happened like this
",0.3612,-0.9269,2018-10-30 00:00:00,1
" Great performance of Brad Pitt
",0.6249,-0.5935,2018-10-25 00:00:00,7
" Good performance, bad plot
",-0.1531,-0.9406,2018-10-15 00:00:00,6
" TENSE
",-0.34,-0.9391,2018-10-02 00:00:00,7
" A war movie in a classic way.
",-0.5994,0.9619,2018-09-20 00:00:00,7
" Pointless and Nihilistic, but Perhaps Pointlessness is the Point?
",0.0,-0.9818,2018-09-17 00:00:00,6
" Intriguing
",0.0,-0.9002,2018-09-10 00:00:00,8
" For those who feast on comic-book violence, a much welcome wake-up call
",-0.2732,0.9789,2018-09-09 00:00:00,10
" Verschrikkelijk
",0.0,-0.7261,2018-09-08 00:00:00,1
" Fury's message: War is bad
",-0.8126,-0.9983,2018-09-01 00:00:00,3
" Actually not that bad, except for the final battle
",0.0644,0.2516,2018-08-31 00:00:00,7
" It's a action film. Not a bloody documentary. The donuts on here are saddos.
",0.3412,-0.4949,2018-08-19 00:00:00,8
" A sorry excuse for a war movie...
",-0.5994,-0.9652,2018-08-14 00:00:00,2
" Had to stop watching it because it was awful
",-0.6369,-0.9688,2018-08-01 00:00:00,3
" Starts on a high and deteriorates.
",0.0,-0.9737,2018-07-30 00:00:00,2
" A reason not to go war ever again
",0.4847,0.8918,2018-07-27 00:00:00,10
" Swizz!
",0.0,-0.7332,2018-07-22 00:00:00,1
" Effect chasing foul-mouthing instead of realism
",0.0,-0.8442,2018-07-17 00:00:00,5
" Waste of time
",-0.4215,-0.8488,2018-07-01 00:00:00,2
" Awesome movie with a sad ending.
",0.25,-0.7184,2018-07-01 00:00:00,10
" Leave These Weenie Movie Critics Back Home with MSNBC and CNN
",-0.34,-0.9951,2018-06-30 00:00:00,10
" Logan's performance carried this movie
",0.0,0.9446,2018-06-23 00:00:00,10
" It's a film
",0.0,0.6844,2018-06-15 00:00:00,9
" Loved it! Great acting, was on the edge of the seat most of the times
",0.8516,-0.5851,2018-06-10 00:00:00,10
" Like if we were here
",0.3612,-0.9799,2018-06-04 00:00:00,10
" It's alright
",0.25,-0.9055,2018-06-04 00:00:00,6
" This movie not only insults American servicemen, it insults the veiwer as well.
",0.6969,-0.8868,2018-05-28 00:00:00,1
" War is not a show-off.
",-0.5994,0.1943,2018-05-27 00:00:00,1
" Well made and authentic, with ""Beast of War"" one of the best WW2 tank movies ever made.
",0.34,-0.9992,2018-05-23 00:00:00,10
" ""Ideals are peaceful, history is violent""
",0.0258,0.4629,2018-05-20 00:00:00,8
" Silly Hollywood Fantasy Insults Historians, Veterans, and Anyone Intelligent
",0.0772,-0.8656,2018-04-25 00:00:00,2
" Strong performances and special effects pick up the slack of this schnooze-fest.
",0.7184,-0.8963,2018-04-24 00:00:00,6
" More like a video game than a movie
",0.4201,-0.8834,2018-04-16 00:00:00,3
" The evil face of war
",-0.8519,0.7391,2018-03-24 00:00:00,8
" All the bad reviews here are from fat battlefield players.
",-0.7269,0.923,2018-03-21 00:00:00,9
" Brad Pitt's Fury
",-0.5719,-0.9779,2018-03-01 00:00:00,8
" Norman Ellison: You see this right here? That is your heart line. You're gonna have one great love in your life.
",0.8519,-0.978,2018-02-25 00:00:00,5
" What a waste
",-0.4215,-0.8972,2018-02-17 00:00:00,4
" Another unrealistic propaganda
",-0.25,-0.9942,2018-02-11 00:00:00,1
" Lerman Shines
",0.0,-0.9968,2018-02-08 00:00:00,8
" This isn't your DC's Ayer
",0.0,0.672,2018-01-21 00:00:00,8
" The Devil watches ois own
",-0.6597,-0.9525,2018-01-16 00:00:00,9
" Total bloody nonsense
",-0.6808,-0.9833,2018-01-09 00:00:00,1
" Solid, realistic war film, if unspectacular
",-0.5106,-0.9747,2018-01-02 00:00:00,7
" In a small space made of steel
",0.0,-0.5267,2017-12-30 00:00:00,7
" Ideals are peaceful. History is violent.
",0.0258,0.9259,2017-12-25 00:00:00,8
" Terrible acting and unrealistic
",-0.4767,0.2975,2017-12-18 00:00:00,3
" One of the worst WWII movies iÂ´ve ever seen
",-0.6249,-0.7351,2017-12-16 00:00:00,1
" Simple And Straightforward With Some Excellent Tank Battle Scenes
",0.2732,-0.9987,2017-12-07 00:00:00,7
" Good enough... up until the last scene
",0.4404,-0.9433,2017-12-04 00:00:00,6
" A high school version of the real thing.
",0.0,-0.4657,2017-11-21 00:00:00,1
" Why the Hate?
",-0.5719,0.9775,2017-11-18 00:00:00,10
" Out of touch
",0.0,-0.9957,2017-11-17 00:00:00,5
" Good performance wasted on bad story
",-0.5859,-0.4955,2017-09-18 00:00:00,5
" Another film showing how hard and violent war is
",-0.8481,-0.9729,2017-08-13 00:00:00,7
" Lighten up people - Don't get all the negative reviews
",-0.5719,0.9513,2017-08-02 00:00:00,10
" Utter Awfulness
",0.0,-0.9733,2017-07-31 00:00:00,1
" I'm Over rating this
",0.0,0.6275,2017-07-01 00:00:00,3
" Not a fan
",-0.2411,-0.9845,2017-06-15 00:00:00,2
" I lost IQ points watching this
",-0.3182,-0.9799,2017-06-14 00:00:00,1
" One Of The Best War Movies In The Past 20 Years
",0.0772,-0.959,2017-06-10 00:00:00,8
" Worst movie ever....Rambo was better.
",-0.296,-0.9543,2017-06-08 00:00:00,1
" Another John Wayne style movie
",0.0,-0.9423,2017-06-06 00:00:00,1
" Hardcore
",0.0,0.9259,2017-06-04 00:00:00,9
" A compelling achievement
",0.2263,-0.9787,2017-06-01 00:00:00,8
" Ratings by losers....
",0.0,-0.9792,2017-05-31 00:00:00,10
" Not totally unrealistic....in spite of what people think.
",0.4556,-0.8975,2017-05-22 00:00:00,6
" Truly awful film
",-0.0258,-0.9007,2017-05-11 00:00:00,1
" Who's Rewriting History
",0.0,-0.9561,2017-04-22 00:00:00,1
" Infantile Nonsense
",-0.4019,-0.8316,2017-04-22 00:00:00,1
" Much better than expected, even very good
",0.7264,0.8912,2017-04-15 00:00:00,7
" Pro War, Pro God, Pro Hero, Pro Dumb Chicken
",-0.3612,-0.9664,2017-04-05 00:00:00,1
" Gritty and great
",0.6249,-0.9785,2017-04-03 00:00:00,8
" Exciting if flawed Second World War tank action
",-0.1779,-0.9917,2017-04-01 00:00:00,7
" Unbelievable, farcical and boring
",-0.128,0.7854,2017-03-25 00:00:00,1
" I'm shaking my head in disbelief...
",-0.1779,-0.9791,2017-03-24 00:00:00,2
" Garbage movie summed it up
",0.0,-0.9932,2017-03-20 00:00:00,1
" Lack of a real reaction and comradery in a pivotal moment
",-0.3182,-0.9963,2017-02-22 00:00:00,6
" Starts good, ends predictably
",0.4404,-0.9945,2017-02-15 00:00:00,7
" I struggled to the half way mark.. then gave up..
",-0.34,-0.9899,2017-01-30 00:00:00,2
" Not bad at all, but could still be better
",0.698,0.9916,2017-01-13 00:00:00,8
" How to ruin a war movie within the final 20 minutes.
",-0.8271,-0.5039,2017-01-10 00:00:00,5
" Great work
",0.6249,-0.8439,2021-04-04 00:00:00,9
" Great acting. Touching story.
",0.6249,0.9464,2021-03-27 00:00:00,8
" A Turkish Seven Samurai on a mountain top? It works.
",0.2023,0.885,2021-03-11 00:00:00,7
" Not worth your time
",-0.1695,-0.8074,2021-03-09 00:00:00,1
" Quite good movie.
",0.4927,0.8633,2021-01-17 00:00:00,7
" Pretty good for what it is
",0.7269,0.8545,2020-11-24 00:00:00,7
" Masterpiece
",0.6249,0.6697,2020-11-17 00:00:00,9
" Was that really Turkish !!!
",0.0,0.7906,2020-09-04 00:00:00,10
" Watched it by mistake - enjoyed throughly
",0.2263,-0.3617,2020-07-04 00:00:00,9
" One of the greatest military movies!!!!!
",0.7482,0.9576,2020-06-19 00:00:00,10
" extremely overrated
",0.0,-0.8723,2020-05-26 00:00:00,2
" Masterpiece.... No... Average Military Flick.. Yes. 100K+ REviews - Somethings Fishy
",0.4019,0.7099,2020-05-24 00:00:00,6
" AWFUL
",-0.4588,-0.5289,2020-04-20 00:00:00,1
" Bringing patriotic movies to a ridiculous climax
",-0.3612,0.2247,2020-03-08 00:00:00,3
" Must watchable, best film
",0.6369,0.9708,2020-03-05 00:00:00,8
" The truth
",0.3182,0.636,2020-02-29 00:00:00,10
" Just Outstanding
",0.6124,0.9757,2020-02-15 00:00:00,10
" A Turkish national orgasm, but good action scenes.
",0.5927,0.9124,2020-01-26 00:00:00,4
" Half of the points are fake.
",-0.4767,-0.9112,2019-12-24 00:00:00,6
" Really?
",0.0,-0.5106,2019-12-23 00:00:00,1
" Maybe, this is not something you can understand.
",0.0,-0.8965,2019-11-23 00:00:00,7
" great
",0.6249,0.9746,2019-11-20 00:00:00,10
" Nothing great with bloated ratings
",-0.5096,-0.8519,2019-11-19 00:00:00,3
" Just excellent.
",0.5719,-0.5245,2019-11-10 00:00:00,10
" Honest review from a Turk
",0.5106,-0.9818,2019-10-29 00:00:00,4
" Chuke Norris will like it
",0.3612,0.0,2019-10-26 00:00:00,1
" That's not fair.
",-0.2411,-0.7758,2019-10-13 00:00:00,1
" Great movie!
",0.6588,0.714,2019-09-30 00:00:00,10
" So idiotic and unprofessionally done
",-0.5984,-0.9436,2019-08-20 00:00:00,1
" I don't get it
",0.0,0.0,2019-08-15 00:00:00,1
" Grabs lines and storyline from Saving Private Ryan and Band of Brothers
",0.0,0.9517,2019-07-25 00:00:00,4
" Still great as the 1st though at times slow
",0.6249,0.9819,2019-07-07 00:00:00,9
" Not what I expected it to be.
",0.0,0.6582,2019-07-04 00:00:00,1
" What a Crap - eagerly suggested by friend whose good-movie-sense is doubted now.
",0.2732,0.6412,2019-07-04 00:00:00,1
" very bad
",-0.5849,-0.8514,2019-07-03 00:00:00,1
" A true disappointment.
",-0.128,-0.5495,2019-06-06 00:00:00,4
" Best story and powerful action.
",0.7906,0.7906,2019-04-29 00:00:00,10
" Great Watch!
",0.6588,0.9381,2019-04-16 00:00:00,10
" Now there is Turkeywood -Mountain II A Movie of Cliches
",0.0,-0.4841,2019-04-15 00:00:00,2
" Bad copy of Saving private Ryan
",-0.5423,0.2382,2019-04-12 00:00:00,5
" A lying film
",-0.5267,-0.2411,2019-03-05 00:00:00,1
" A Complete Masterpiece
",0.6249,0.8654,2019-02-22 00:00:00,10
" Thousands may come, but this one will stand!
",0.0,0.9791,2019-02-01 00:00:00,10
" Fantastic
",0.5574,0.6901,2019-01-15 00:00:00,10
" Seriously?
",-0.1779,0.6136,2018-12-26 00:00:00,3
" Thouroughly enjoyable.
",0.4404,0.9744,2018-12-19 00:00:00,7
" A Good War Movie
",-0.25,0.128,2018-12-17 00:00:00,7
" great screenplay, best war movie
",0.6597,0.9537,2018-11-27 00:00:00,9
" Just a Propaganda Movie, Nothing More!
",-0.3164,0.8862,2018-11-16 00:00:00,1
" Total cheese balls!
",0.0,0.7353,2018-11-02 00:00:00,3
" A very slow movie
",0.0,0.8624,2018-10-18 00:00:00,6
" What???
",0.0,-0.2787,2018-10-07 00:00:00,2
" Do not watch if not interested!!
",-0.4295,0.8357,2018-09-30 00:00:00,10
" Oh my word!
",0.0,-0.8977,2018-09-12 00:00:00,1
" Heroes
",0.5106,0.7602,2018-08-30 00:00:00,10
" Unque in war films
",-0.5994,0.7674,2018-08-30 00:00:00,10
" Watch If you are interested...
",0.0,0.472,2018-08-30 00:00:00,6
" The most fake reviewed movie on IMDb.
",-0.5256,-0.3334,2018-08-26 00:00:00,1
" Overrated? YES, Bad movie? NO
",-0.5204,-0.9917,2018-08-26 00:00:00,6
" Huh, the highest rate on IMDB?
",0.0,0.6242,2018-08-11 00:00:00,1
" The action is impressive, the acting is solid, the direction is first class, the special effects are brilliant and the cinematography awesome.
",0.9382,0.9828,2018-08-10 00:00:00,10
" Don't waste your time fellas, it is literally a propaganda movie
",0.0854,0.4404,2018-08-06 00:00:00,1
" Don't bother
",0.2584,0.7845,2018-07-29 00:00:00,1
" it deserves 8 stars
",0.0,0.4245,2018-07-28 00:00:00,8
" It's ok
",0.296,0.972,2018-07-27 00:00:00,6
" Movie is crap
",-0.3818,0.1361,2018-07-24 00:00:00,1
" A total waste of time ....
",-0.4215,-0.8947,2018-07-21 00:00:00,1
" Sublime!
",0.0,0.9814,2018-07-15 00:00:00,10
" Best fake rated movie ever!
",0.3382,-0.773,2018-07-11 00:00:00,1
" What the hell?
",-0.6808,0.0,2018-07-09 00:00:00,3
" Jingoistic but robust action drama
",0.4767,0.9337,2018-07-08 00:00:00,6
" Well-produced propaganda
",-0.25,-0.0354,2018-06-23 00:00:00,5
" Awful
",-0.4588,-0.0423,2018-06-16 00:00:00,1
" Corrupted ratings
",0.0,-0.5523,2018-06-10 00:00:00,1
" Rubish
",0.0,-0.25,2018-06-10 00:00:00,1
" Turkey
",0.0,0.0,2018-06-07 00:00:00,10
" Fake score
",-0.4767,0.8965,2018-06-05 00:00:00,3
" Good effort
",0.4404,0.674,2018-06-04 00:00:00,7
" The path to rendition!!!
",0.0,-0.3561,2018-06-03 00:00:00,10
" It worth watching tbh
",0.2263,0.9274,2018-05-31 00:00:00,8
" Amazing
",0.5859,0.9432,2018-05-30 00:00:00,10
" Something smells fishy
",0.0,-0.476,2018-05-29 00:00:00,1
" Total Waste of Time
",-0.4215,0.9511,2018-04-18 00:00:00,1
" Propaganda?
",-0.25,0.7647,2018-03-28 00:00:00,9
" Is it a parody from Saving Private Ryan?
",0.0,-0.4782,2018-03-14 00:00:00,4
" Good movie, now how about some truth
",0.6369,0.825,2018-03-10 00:00:00,7
" Emotional,Gripping and Full of valor !
",0.0,0.906,2018-02-28 00:00:00,10
" Meh
",-0.0772,-0.4025,2018-02-08 00:00:00,6
" Emotional waterfall
",0.1531,0.8666,2018-01-27 00:00:00,10
" Moving indeed
",0.0,-0.8286,2017-12-04 00:00:00,2
" Military Propaganda
",-0.25,0.6199,2017-12-01 00:00:00,1
" Another movie used for propaganda purpose
",-0.25,0.9828,2017-11-29 00:00:00,1
" The Mission
",0.0,0.9552,2017-11-04 00:00:00,8
" 13 Hours meets Tears of the Sun
",-0.2263,-0.9509,2017-11-03 00:00:00,6
" An overestimated film
",0.0,-0.9642,2017-10-31 00:00:00,6
" Far better than other Turkish films
",0.4404,0.8779,2017-10-28 00:00:00,9
" Fantastic Turkish Movie!
",0.5983,0.9616,2017-10-13 00:00:00,9
" Turkish Special Forces kick butt!
",0.4574,0.9746,2017-10-03 00:00:00,5
" This does not deserve a 9 or a 10
",0.0,-0.7783,2017-09-26 00:00:00,1
" 100.000 up votes and 50 reviews. Do not trust this.
",-0.4023,0.757,2017-09-16 00:00:00,3
" This is a great Turkish film!
",0.6588,0.9885,2017-09-15 00:00:00,10
" Disappointing
",-0.4939,-0.128,2017-09-01 00:00:00,4
" Out of Range
",0.0,0.9648,2017-08-31 00:00:00,10
" 6,5
",0.0,0.313,2017-07-12 00:00:00,6
" Imitation
",0.0,-0.8748,2017-06-20 00:00:00,2
" The best movie taking you inside the struggle at the borders of Turkey
",0.4404,0.6808,2017-06-17 00:00:00,10
" waste of time
",-0.4215,-0.8631,2017-05-27 00:00:00,1
" Moving.
",0.0,-0.8074,2017-05-05 00:00:00,10
" Awful Film
",-0.4588,-0.2666,2017-04-14 00:00:00,1
" Pathetic boring propaganda film
",-0.7906,-0.7956,2017-04-08 00:00:00,1
" You'll Feel all the emotions that Hollywood does not have.
",0.0,0.8429,2017-04-08 00:00:00,10
" Reflects the Turkish people I know very well, however the movie has some minor flaws
",0.3384,0.8999,2017-04-07 00:00:00,10
" Awesome
",0.6249,0.6916,2017-03-26 00:00:00,10
" Don't waste time
",0.3252,-0.525,2017-03-22 00:00:00,4
" good job
",0.4404,0.6808,2017-03-19 00:00:00,10
" Masterpiece
",0.6249,-0.7904,2017-03-08 00:00:00,10
" Should watch this movie just because to show soldiers who fight against terrorists.
",-0.7717,-0.1154,2017-01-17 00:00:00,10
" The excellence of the maroon berets
",0.6249,-0.4092,2017-01-10 00:00:00,10
" Excellent Movie from Turks and Observation of Mixed Soldier Perspective
",0.5719,0.8884,2017-01-05 00:00:00,10
" The Best Turkish Movie Ever Made for Me
",0.6369,0.8343,2017-01-05 00:00:00,8
" Everything is very beautiful
",0.6361,0.9731,2017-01-03 00:00:00,10
" Respect for telling a story that hasn't been told before
",0.4767,-0.5006,2021-04-02 00:00:00,6
" First netflix movie I really enjoyed.
",0.5563,0.6597,2021-03-12 00:00:00,8
" Beasts is such an emotional roller coaster that you'd be forgiven for missing a number of things.
",0.3182,-0.9928,2021-03-10 00:00:00,8
" Powerful!
",0.4753,-0.8834,2021-02-25 00:00:00,10
" One of the best child actors I've seen, and an amazingly told story
",0.6369,-0.3591,2021-02-16 00:00:00,8
" A MUST WATCH NO MATTER WHAT YOU LIKE
",0.1027,-0.3612,2021-02-06 00:00:00,10
" Raw and unapologetic
",0.0,-0.9648,2021-02-04 00:00:00,10
" A rare spectacle from a rare director
",0.0,-0.315,2021-01-22 00:00:00,9
" Powerfull title for a movie.
",0.0,0.0,2021-01-10 00:00:00,9
" It's unsettling how beautiful this film is.
",0.5994,-0.5584,2021-01-09 00:00:00,8
" Good movie but it kind of pisses me off
",-0.3797,-0.9624,2020-11-03 00:00:00,9
" Simply great
",0.6249,-0.9266,2020-10-23 00:00:00,10
" Film Review - Beasts of No Nation (2015) 7.9/10
",-0.296,-0.9699,2020-10-20 00:00:00,8
" A perfect war drama.
",-0.0516,0.8316,2020-09-29 00:00:00,9
" Eyes of a Child soldier
",0.0,-0.9503,2020-07-13 00:00:00,8
" Good Plot , bad dialogue
",-0.1531,0.9523,2020-07-06 00:00:00,7
" Disturbingly good
",-0.1027,0.9209,2020-04-24 00:00:00,9
" Sad that this movie went so under the radar
",-0.4767,-0.5907,2020-04-01 00:00:00,9
" Greatest Film Ever!
",0.6696,-0.9852,2020-03-02 00:00:00,10
" Best Netflix movie I have seen so far!
",0.6696,0.8716,2020-01-17 00:00:00,9
" Enjoyed this one
",0.5106,0.9681,2019-10-25 00:00:00,7
" Amazing & Real
",0.5859,0.9489,2019-10-06 00:00:00,7
" As close as it can get
",0.0,0.6677,2019-09-01 00:00:00,9
" If you really want to know what it feels like
",0.4754,-0.6722,2019-08-19 00:00:00,10
" Oscar material..
",0.0,0.0,2019-08-01 00:00:00,10
" Harrowing, honest and impactful
",0.5106,0.9717,2019-07-13 00:00:00,10
" Striking!!!
",0.0,0.7574,2019-06-25 00:00:00,8
" Fantastic..
",0.0,0.9039,2019-06-16 00:00:00,10
" Frightening but Astonishing
",-0.2732,0.9596,2019-05-31 00:00:00,8
" A brutal and sad depiction of war and it's devastating effects.
",-0.9468,0.1863,2019-04-29 00:00:00,10
" Great but nothing i Will watch again
",0.3716,-0.9842,2019-03-14 00:00:00,6
" Fukunaga did it again!
",0.0,0.471,2019-03-08 00:00:00,8
" Superb Story Telling
",0.6249,-0.4939,2019-03-03 00:00:00,10
" A great narration as well as a wholly convincing tragic
",0.7096,0.9313,2019-02-13 00:00:00,10
" One of the most powerful movies ever
",0.4754,0.9268,2019-02-04 00:00:00,10
" Powerful
",0.4215,0.9588,2019-01-31 00:00:00,8
" Amazing
",0.5859,0.7964,2019-01-19 00:00:00,8
" OMG this movie
",0.0,0.8656,2019-01-10 00:00:00,10
" Watch this movie
",0.0,0.2732,2019-01-06 00:00:00,10
" How the hell didn't this win the academy award?
",-0.6336,0.3987,2018-12-22 00:00:00,10
" An Important Message Of A Movie.
",0.2023,0.9974,2018-12-21 00:00:00,7
" Superb drama - powerful, profound and poignant
",0.7845,-0.8809,2018-11-01 00:00:00,9
" Beasts of No Nation
",-0.296,-0.9353,2018-10-10 00:00:00,9
" A must-see Netflix Original
",0.3182,0.258,2018-08-26 00:00:00,9
" It will leave you shaken and stirred
",-0.128,-0.6798,2018-08-14 00:00:00,9
" As a US Veteran, I was quite mind blown
",0.0,-0.9935,2018-05-31 00:00:00,10
" Heartbreaking and terrifying.
",-0.7717,-0.9037,2018-05-18 00:00:00,7
" Raw and Powerful
",0.4215,0.5083,2018-05-06 00:00:00,8
" Should Have Been Foreign Language
",0.0,-0.8016,2018-04-28 00:00:00,7
" It was the worst of times. It was the worst of times.
",-0.8481,-0.9689,2018-01-08 00:00:00,10
" That was just awful
",-0.4588,-0.9552,2018-01-05 00:00:00,3
" 8.5
",0.0,0.9607,2017-12-18 00:00:00,8
" Best War African War Movie Ever!
",-0.5983,0.8477,2017-12-13 00:00:00,10
" An endless cycle of violence
",-0.6249,-0.9944,2017-10-27 00:00:00,8
" A brilliant, urgent and overlooked film
",0.6705,-0.9705,2017-10-21 00:00:00,9
" Good film, but needed something more.
",0.2382,-0.9597,2017-10-04 00:00:00,6
" A must watch movie
",0.0,0.8686,2017-09-27 00:00:00,10
" A typical war drama
",-0.5994,-0.9868,2017-09-16 00:00:00,7
" This is a story of loss and rebirth (SPOILERS)
",-0.3182,-0.7061,2017-05-08 00:00:00,8
" Beasts of No Nation action packed
",-0.296,-0.9928,2017-04-30 00:00:00,8
" good and accurate
",0.4404,0.9311,2017-03-22 00:00:00,7
" Agu the Child Soldier
",0.0,0.9799,2017-03-20 00:00:00,9
" Classic African Flick
",0.0,0.9151,2017-03-17 00:00:00,10
" An amazing view into the war culture in Africa
",-0.0258,-0.9968,2017-03-15 00:00:00,8
" Beast of No Nation Review
",-0.296,-0.9975,2017-03-15 00:00:00,8
" Good Movie
",0.4404,0.7603,2017-03-13 00:00:00,8
" This Film Was Amazing.
",0.5859,0.9073,2017-03-08 00:00:00,10
" Beasts Of No Nation... Very good
",0.2484,-0.7485,2017-03-08 00:00:00,8
" methodically brutal
",-0.6249,0.1119,2017-02-15 00:00:00,8
" Outrage
",-0.5106,0.9548,2017-01-12 00:00:00,9
" Propaganda - coming from a Turk
",-0.25,0.34,2021-04-04 00:00:00,4
" What a great Russell Crowe movie
",0.6249,0.9817,2021-03-21 00:00:00,10
" Something Excellent To Crow (pun intended) About
",0.5719,0.931,2021-02-09 00:00:00,7
" Entertaining and eye opening.
",0.4404,0.79,2021-01-05 00:00:00,10
" it was a successful movie but...
",0.5859,-0.3882,2020-12-30 00:00:00,8
" Excellent. Moving story
",0.5719,0.8442,2020-09-28 00:00:00,10
" Great leader my father said;
",0.6249,-0.0,2020-08-09 00:00:00,7
" The Best WW1 Film Ever
",0.6369,0.8519,2020-08-04 00:00:00,10
" Anti-War Movie from an Australian Perspective
",0.0,-0.9867,2020-07-31 00:00:00,8
" I'm disappointed, everything here is so familiar and full of clichÃ©s - the film just don't have the resonance it so desperately strives to find
",-0.7555,-0.9001,2020-07-27 00:00:00,6
" This film would be better placed under the category of science-fiction
",0.4404,0.8365,2020-07-23 00:00:00,5
" Entertaining tale. It's not a documentary
",0.4404,0.8872,2020-06-19 00:00:00,8
" Better Than Average WW1 Tale - The Water Diviner
",0.4939,0.9719,2020-05-25 00:00:00,7
" Awful amateur movie- ridiculous propaganda
",-0.7579,-0.8271,2020-05-11 00:00:00,2
" Poor
",-0.4767,0.3291,2020-05-02 00:00:00,2
" Brilliant film with perfect cast
",0.8176,0.9726,2020-04-12 00:00:00,10
" Ridiculous plot and Turkish agitprop.
",-0.3612,0.128,2020-04-07 00:00:00,1
" The Water Diviner
",0.0772,-0.9256,2020-02-12 00:00:00,6
" TWD: A Mock Redaction of Legends of the Fall
",-0.4215,0.9638,2020-02-04 00:00:00,10
" Crowes attempt to ingratiate himself with Turkey
",0.0,-0.4753,2020-01-14 00:00:00,3
" This shows the greatness of the British Empire
",0.0,0.9961,2019-12-23 00:00:00,8
" That was awesome
",0.6249,0.3612,2019-11-22 00:00:00,9
" Never give up. Focus!
",0.0,0.9312,2019-10-31 00:00:00,10
" Beautiful film that explores wisps of hope found through countless tragedies
",0.5994,-0.9954,2019-10-28 00:00:00,9
" Peace at home Peace in the world
",0.7906,-0.0,2019-09-10 00:00:00,10
" The reviews here are from brainless halfwits. Really???!!!
",0.0,0.7995,2019-08-21 00:00:00,3
" Really well done film that Russell Crowe ever did!
",0.3989,-0.9906,2019-07-08 00:00:00,8
" Simple Review
",0.0,0.3822,2019-07-07 00:00:00,5
" Watch it!
",0.0,0.3724,2019-05-23 00:00:00,10
" ""Because he's the only father who came looking.""
",0.0,-0.9451,2019-05-13 00:00:00,7
" Can't stop thinking about this one
",0.2235,-0.8085,2019-04-24 00:00:00,9
" Timeless story
",0.0,0.8858,2019-04-21 00:00:00,8
" A beautiful sensitive movie
",0.5994,0.9387,2019-01-30 00:00:00,9
" Beautiful and painful, but you cant look away
",0.128,-0.1412,2018-10-24 00:00:00,8
" A favorite movie
",0.4588,0.7137,2018-10-16 00:00:00,10
" EVERYTHING IS IN THE COFFEE
",0.0,0.9568,2018-09-24 00:00:00,10
" The only dedication that made me cry
",-0.4767,-0.6124,2018-08-23 00:00:00,8
" STILL ONE OF THE BEST MOVIES
",0.6369,0.6249,2018-07-28 00:00:00,10
" My 10/10 (My new favorite!)
",0.0,0.8932,2018-03-15 00:00:00,10
" A moving and sensitive picture about an Australian father who attempts to find his sons , being Russell Crowe's directorial debut.
",0.0,-0.9202,2018-02-13 00:00:00,8
" Full of emotion
",0.0,0.9421,2018-02-11 00:00:00,10
" Respect
",0.4767,0.4578,2018-02-03 00:00:00,8
" Story starts OK, but then quickly disintegrates. Historic dishonesty kills it.
",-0.5836,-0.9773,2018-01-19 00:00:00,5
" Pretty bad and historically disrespectful
",-0.0772,-0.9822,2017-12-25 00:00:00,2
" Great movie
",0.6249,0.9929,2017-11-03 00:00:00,10
" An earnest, but flawed, first entry for Crowe.
",0.2846,0.9582,2017-01-01 00:00:00,6
" It's not that bad
",0.431,0.699,2021-03-18 00:00:00,7
" Macbeth
",0.0,-0.999,2021-02-15 00:00:00,6
" candy
",0.0,0.506,2021-01-27 00:00:00,5
" Intense, dark and beautiful
",0.6369,0.9943,2020-12-04 00:00:00,8
" What did he say?
",0.0,-0.8648,2020-11-22 00:00:00,5
" You might get very lost
",-0.3804,0.9914,2020-11-14 00:00:00,6
" ""I am in blood, stepped in so far""
",0.0,0.9978,2020-09-25 00:00:00,7
" A mad Fassbender, a mesmerising Cotillard, beautiful visuals, great costume design. What's not
",0.7003,0.9934,2020-09-16 00:00:00,7
" Macbeth has PTSD?
",0.0,0.228,2020-07-31 00:00:00,4
" Had to use subtitles
",0.0,0.2023,2020-07-18 00:00:00,8
" Started with a 10, down to a 6
",0.0,0.9698,2020-05-03 00:00:00,6
" Beautiful, brazen and atmospheric
",0.5994,0.9275,2020-04-25 00:00:00,10
" Not enjoyable
",-0.3412,0.5989,2020-03-21 00:00:00,6
" Difficult
",-0.3612,0.8032,2020-02-27 00:00:00,3
" An excellent adaptation of one of Shakespeare's most legendary works
",0.5719,-0.9231,2020-02-21 00:00:00,9
" Beautiful shots, awkward dialogue, good ending
",0.7351,0.9651,2020-02-20 00:00:00,8
" Great Cinematography, A Tidily Bit Dark
",0.6249,0.9501,2020-02-20 00:00:00,8
" Macbeth Movie Vs. Macbeth Play
",0.34,0.2263,2020-02-20 00:00:00,8
" Very solid adaptation
",0.2247,0.9746,2020-02-20 00:00:00,7
" Intense
",0.0772,0.9606,2020-02-20 00:00:00,9
" it was ok, not great.
",-0.2718,-0.8548,2020-02-20 00:00:00,4
" Macbeth
",0.0,0.9149,2020-02-13 00:00:00,8
" Beautiful Cinematography
",0.5994,0.9493,2019-12-17 00:00:00,8
" 9.2 of 10. Masterful cinematography and performance
",0.0,0.0,2019-12-13 00:00:00,9
" Great Cinematography
",0.6249,0.9636,2019-12-13 00:00:00,9
" Shakespeare Fan
",0.3182,0.991,2019-12-09 00:00:00,9
" Macbeth (2015)
",0.0,0.9001,2019-10-05 00:00:00,10
" Shakespeare would be proud
",0.4767,0.8679,2019-09-06 00:00:00,10
" Dark and Powerful
",0.4215,0.9041,2019-08-12 00:00:00,8
" Makes Macbeth even more slow
",0.0,0.2393,2019-08-05 00:00:00,4
" Wonderfully satisfying and great visuals
",0.9001,0.7841,2019-07-23 00:00:00,8
" my notes
",0.0,-0.4491,2019-07-01 00:00:00,1
" Artistically stunning
",0.3818,0.0,2019-06-25 00:00:00,10
" Breathtaking
",0.4588,0.9324,2019-06-03 00:00:00,8
" Definitely not without flaw
",0.4019,0.7226,2019-05-23 00:00:00,7
" A Modern Masterpiece.
",0.6249,0.9252,2019-05-12 00:00:00,9
" A good cinematographic transposition of Shakespeare's tragedy
",-0.3612,0.8921,2019-03-21 00:00:00,8
" Is that Fassbender I see before me
",0.0,0.9486,2019-03-09 00:00:00,8
" A disgrace for the film industry
",-0.4939,-0.7648,2019-03-06 00:00:00,1
" hard to follow.....
",-0.1027,-0.9602,2019-02-07 00:00:00,4
" Not much good to say...
",-0.3412,0.6295,2019-02-01 00:00:00,3
" Mediocre Adaptation
",0.0,-0.91,2019-02-01 00:00:00,4
" Garbage
",0.0,0.0293,2019-02-01 00:00:00,3
" overly dramatic
",0.0,0.0865,2019-02-01 00:00:00,4
" A well-intentioned movie that misses the point
",-0.2263,-0.7849,2019-01-07 00:00:00,5
" Incredibly Unique
",0.0,0.9736,2018-12-01 00:00:00,8
" Beautiful to watch, maybe not to listen to though.
",0.5994,0.8555,2018-10-27 00:00:00,6
" Wrong, wrong, wrong!
",-0.8622,-0.8624,2018-08-28 00:00:00,5
" Why?
",0.0,0.8779,2018-08-27 00:00:00,1
" Stylish and atmospheric take on a classic
",0.0,-0.9902,2018-07-13 00:00:00,7
" All Hail Macbeth
",0.0772,0.9989,2018-06-12 00:00:00,8
" Mr Shakespeare, I don't feel so good
",0.5777,-0.9517,2018-06-04 00:00:00,1
" No action, and all about poetry.
",-0.296,-0.9393,2018-06-02 00:00:00,1
" A great interpretation of a great play.
",0.891,0.6124,2018-05-10 00:00:00,9
" Marvelous, If You Don't Mind Subtitles...
",0.5994,0.9855,2018-04-24 00:00:00,7
" The best film I have ever seen
",0.6369,0.9811,2018-03-25 00:00:00,10
" Shakespeare does not need tampering.
",0.0,0.9057,2018-03-10 00:00:00,3
" Thank you for Shakespear alive!
",0.6588,0.988,2018-02-20 00:00:00,10
" Tragedy
",-0.6597,-0.8829,2018-02-17 00:00:00,7
" A dagger of the mind
",0.0,0.6925,2018-02-11 00:00:00,10
" Powerful Performances, but the Story Falls Flat,
",0.2263,0.9847,2018-01-28 00:00:00,7
" I find it strange to see characters talking to them
",-0.2023,0.9393,2018-01-25 00:00:00,4
" Disappointing
",-0.4939,0.8036,2018-01-06 00:00:00,4
" Every Frame a Painting
",0.0,0.9971,2017-12-15 00:00:00,8
" The finest film iteration ever created for Macbeth
",0.25,-0.1793,2017-11-04 00:00:00,10
" A Beautiful Atmosphere
",0.5994,0.9872,2017-10-01 00:00:00,7
" They just had to go their own way at the end....
",0.0,-0.9485,2017-09-16 00:00:00,8
" Hella chills
",0.0,0.9894,2017-09-05 00:00:00,8
" Great atmospherics, but no poetry!
",-0.1386,-0.7214,2017-09-03 00:00:00,4
" Too many slow motion, whisper and mumbling
",0.0,-0.1078,2017-07-15 00:00:00,4
" Worth watching.
",0.2263,0.91,2017-07-13 00:00:00,4
" So its come to this.
",0.0,0.9621,2017-04-04 00:00:00,4
" No Fun To Watch.
",0.2732,0.8522,2017-01-20 00:00:00,4
" Good But Hard To Understand The Dialogue
",0.09,-0.9319,2017-01-16 00:00:00,7
" Tears in my eyes
",-0.2263,-0.3182,2020-12-23 00:00:00,10
" one of my favourite films of 2016
",0.0,0.9822,2020-11-26 00:00:00,10
" Just plain and simple BAD!
",-0.6731,0.8816,2020-11-19 00:00:00,1
" Absolutely worth your time.
",0.2944,-0.1779,2020-09-27 00:00:00,9
" A poignant and personal encounter with a man and his persistence
",0.0,0.8305,2020-08-29 00:00:00,9
" An incredible and powerful film to experience
",0.4215,-0.7311,2020-08-08 00:00:00,9
" Intense!
",0.1511,0.8932,2020-06-22 00:00:00,7
" Son of Saul - 80
",0.0,0.7932,2020-06-17 00:00:00,8
" Wanted to appreciate, but just doesn't draw you in
",0.2144,-0.6099,2020-06-04 00:00:00,5
" One of the great Holocaust movies
",0.6249,-0.9946,2020-05-18 00:00:00,10
" Too much of everything
",0.0,-0.2512,2020-05-05 00:00:00,1
" Freedom
",0.6369,-0.8313,2020-04-26 00:00:00,8
" UNIQUE
",0.0,-0.128,2020-04-17 00:00:00,10
" Bad camera effects
",-0.5423,-0.1027,2020-04-16 00:00:00,5
" Disappointment
",-0.5106,-0.9401,2020-04-15 00:00:00,3
" It isn't fun, but it's essential.
",-0.2146,0.2405,2020-03-17 00:00:00,8
" Saul Goodman
",0.0,0.4404,2020-03-14 00:00:00,7
" recreating the holocaust, resurrecting God
",0.2732,-0.9863,2020-02-04 00:00:00,8
" Words cannot describe ..........
",0.0,0.1508,2020-01-29 00:00:00,7
" Man and animal
",0.0,-0.7839,2020-01-26 00:00:00,9
" A very disturbing/depressing/distressful movie of a dark place in history.
",0.0,-0.9967,2020-01-20 00:00:00,6
" DIFFERENT PERSPECTIVE.
",0.0,0.6908,2020-01-07 00:00:00,8
" worst Holocaust movie ever
",-0.6249,-0.7606,2019-12-19 00:00:00,1
" Magnificent, beautiful
",0.8316,0.9178,2019-10-02 00:00:00,10
" A study on human decency in a living hell
",-0.6808,-0.946,2019-02-24 00:00:00,7
" Wasted almost 2hours I won't ever get back
",-0.4939,-0.9176,2019-02-24 00:00:00,1
" Crap movie...
",-0.3818,-0.3818,2019-02-19 00:00:00,2
" Annoying technique , unreasonable character but still make you feel auschwitz
",-0.2144,0.5417,2019-02-01 00:00:00,6
" Irritating style
",-0.4588,-0.5509,2019-01-27 00:00:00,6
" A horrific subject is handled pretentious and boring
",-0.7717,0.128,2019-01-24 00:00:00,3
" Necessarily grim
",-0.5719,-0.6059,2018-10-21 00:00:00,7
" Hell on earth
",-0.6808,-0.9954,2018-08-02 00:00:00,4
" A great contribution to the Holocaust genre
",0.6249,-0.9604,2018-07-24 00:00:00,7
" Total pain - A quick review.
",-0.5106,-0.93,2018-07-08 00:00:00,4
" Rubbish
",0.0,0.2732,2018-06-16 00:00:00,1
" Skip this, watch 2001's The Grey Zone instead.
",0.0516,-0.9022,2018-03-31 00:00:00,3
" A rare masterpiece
",0.6249,0.3581,2018-03-25 00:00:00,9
" Horrifically Beautiful!
",0.0,0.6566,2018-03-19 00:00:00,10
" Offensive
",-0.4588,-0.8481,2018-02-23 00:00:00,2
" If this is a film about humanity, humanity is in a really bad shape
",-0.5849,-0.9865,2018-02-15 00:00:00,6
" Where we truly learn, what hell on earth truly is
",0.0516,-0.7952,2018-02-11 00:00:00,9
" A haunting depiction of what we so easily transform into
",0.2538,-0.9946,2018-01-29 00:00:00,10
" A deeply moving, cinematically audacious experience
",0.2878,0.9764,2017-12-29 00:00:00,8
" Disappointing and Annoying
",-0.7096,-0.3412,2017-11-21 00:00:00,6
" A nonsense pretentious film, total waste of time.
",-0.6705,-0.9884,2017-11-17 00:00:00,2
" An extraordinary film
",0.0,0.9081,2017-10-15 00:00:00,10
" worst Jew movie ever
",-0.6249,-0.3261,2017-10-01 00:00:00,5
" Made me feel weak and lost for hope .
",-0.3182,0.7286,2017-07-28 00:00:00,6
" a harrowing exploitation of the Holocaust, to the taste of Academy members
",0.0,-0.979,2017-07-18 00:00:00,7
" No Saul I mean Sell for me here!
",-0.3595,0.1693,2017-04-10 00:00:00,5
" Do not fall for the 7.5 IMDb rating
",0.0,-0.9415,2017-04-07 00:00:00,5
" What We Talk About When We Talk About
",0.0,-0.8225,2017-02-01 00:00:00,7
" Son of Saul
",0.0,0.8968,2017-01-23 00:00:00,8
" a Sonderkommando looks to right a wrong
",-0.4767,0.9012,2017-01-03 00:00:00,10
" Son of Saul - a religious symbol of everlasting life
",0.0,-0.8102,2017-01-02 00:00:00,8
" boring
",-0.3182,-0.7906,2021-03-20 00:00:00,2
" Not a bad message.
",0.431,-0.2911,2021-02-15 00:00:00,7
" I love this movie, I never tire of it
",0.6369,0.3107,2021-01-27 00:00:00,10
" Sad and passionate...
",-0.4767,-0.9789,2021-01-09 00:00:00,9
" Starts Sad Ends Sad!
",-0.7574,-0.165,2020-03-22 00:00:00,8
" Poignant about friendship and power imbalances
",0.4404,0.9366,2019-11-14 00:00:00,8
" GIGANTIC pile of crap
",-0.3818,-0.5583,2019-11-03 00:00:00,1
" Bored story of a friendship
",0.2023,-0.1796,2019-06-17 00:00:00,3
" Brilliant
",0.5859,-0.8094,2019-04-11 00:00:00,10
" The independent film is excellent. A a pair of impressive performances from Kristen Stewart and Peyman Moaadi.
",0.7906,0.9492,2019-03-18 00:00:00,9
" Better Than Average Pyscho-War Film - Camp X-Ray
",0.4404,-0.8225,2018-12-03 00:00:00,6
" Woaw !
",0.0,0.9278,2018-11-27 00:00:00,8
" Barely scratches the surface of what went on there
",0.0,-0.9706,2018-11-10 00:00:00,2
" Close
",0.0,0.6705,2018-07-29 00:00:00,10
" Buon film
",0.0,0.0,2018-05-16 00:00:00,7
" Brilliant performances from Payman and Kristen make this highly emotional
",0.6901,-0.7615,2017-12-22 00:00:00,8
" Kristen Stewart was made for this role
",0.0,0.8705,2017-11-17 00:00:00,5
" What did you learn.
",0.0,-0.9284,2017-10-16 00:00:00,4
" Almost a 10 but focused too much on one detainee
",0.4596,0.8241,2017-09-18 00:00:00,9
" Moaadi & Stewart Shine
",0.0,0.9365,2017-08-10 00:00:00,10
" Beautiful
",0.5994,0.6744,2017-07-20 00:00:00,10
" One of the best non combat military films I have ever seen
",0.4215,0.9319,2017-07-13 00:00:00,9
" Where are the torture scenes?
",-0.5994,-0.8689,2017-03-29 00:00:00,5
" Amazing beautiful movie
",0.8271,0.863,2017-03-12 00:00:00,10
" A Solid Punch For Kstew Haters
",-0.3818,0.9539,2017-01-27 00:00:00,10
" Amazing performance by Stewart and other actors
",0.5859,0.9955,2017-01-15 00:00:00,9
" Riveting, beautifully filmed, genuinely thoughtful
",0.743,0.8593,2021-04-07 00:00:00,10
" A wild movie
",0.0,0.6674,2021-03-24 00:00:00,8
" Really potent exposÃ© of war after the war...
",-0.5994,0.8346,2021-03-22 00:00:00,7
" Excellent and horrific War Movie.
",-0.6808,0.9411,2021-03-21 00:00:00,8
" Most beautiful yet horrifying movie
",0.0591,0.9625,2021-01-08 00:00:00,9
" A poignant film on the aftermath of war
",-0.5994,0.8689,2020-12-27 00:00:00,9
" An other face to world war2!
",0.0,0.8118,2020-12-04 00:00:00,8
" Land of mine
",0.0,-0.885,2020-10-23 00:00:00,10
" Good film
",0.4404,-0.891,2020-07-01 00:00:00,8
" I am amazed and deeply moved after seeing this movie
",0.4939,-0.3274,2020-06-20 00:00:00,9
" The horrible plight of German prisoners of war after the war - in Denmark
",-0.9393,-0.9311,2020-05-07 00:00:00,10
" HEARTBREAKING.
",-0.4588,0.4404,2020-04-27 00:00:00,8
" The Battle for Death
",-0.7579,-0.9039,2020-04-18 00:00:00,8
" Great (Post)War Piece
",0.6249,0.3182,2020-04-16 00:00:00,8
" One of the best modern war films about WW2.
",0.0772,0.3724,2020-04-13 00:00:00,10
" AN INTENSE STORY !!!!
",0.4941,-0.9661,2020-04-05 00:00:00,10
" Post-war wounds were everywhere
",0.0,-0.7009,2020-03-29 00:00:00,8
" A great danish movie
",0.6249,-0.8975,2020-03-25 00:00:00,8
" A previously untalked about and mostly unknown story about post WWII Europe and the German soldier.
",0.0,-0.972,2020-03-10 00:00:00,9
" Unforgettable One!
",0.0,0.962,2020-02-13 00:00:00,10
" Here what I call a GREAT FILM
",0.7034,0.7783,2020-01-09 00:00:00,10
" Heart-stopping and the terrible truth of war.
",-0.6908,-0.885,2019-12-08 00:00:00,9
" Well acted & gripping but not factual
",0.1406,-0.8457,2019-11-28 00:00:00,7
" A Fine Movie But.....
",0.2023,0.6115,2019-10-04 00:00:00,8
" not bad movie, worth to see it
",0.2924,0.6581,2019-09-19 00:00:00,8
" Brilliant and heart-wrenching
",0.5859,0.4392,2019-06-24 00:00:00,8
" Deadly experience
",0.0,-0.3197,2019-06-17 00:00:00,8
" Historical facts are are almost complete gone in this movie
",0.0,-0.6716,2019-04-06 00:00:00,1
" A Tense and Heartbreaking Drama About One of History's Least Known Chapters
",-0.6597,0.8862,2019-03-16 00:00:00,9
" Extremely good movie ðŸ‘
",0.4927,0.6369,2019-02-10 00:00:00,9
" Great and touching movie. I highly recommend
",0.7841,0.7311,2019-01-14 00:00:00,7
" Depressing, disturbing, horrors of war. True masterpiece
",-0.765,0.9836,2019-01-04 00:00:00,9
" Great but sadly underrated.
",-0.2846,-0.9495,2019-01-01 00:00:00,8
" The elephant in the room
",0.0,0.5423,2018-12-11 00:00:00,9
" Wonderful movie
",0.5719,-0.9169,2018-11-15 00:00:00,9
" Powerful
",0.4215,-0.6808,2018-10-20 00:00:00,9
" A Harsh Danish Movie
",-0.4404,-0.9657,2018-10-01 00:00:00,8
" Tough story
",-0.128,-0.4019,2018-09-14 00:00:00,8
" Great drama
",0.6249,-0.9596,2018-08-30 00:00:00,8
" Not exactly an eye for an eye.
",0.0,-0.8939,2018-03-10 00:00:00,9
" DISTURBING YET APROPOS FOR THIS DAY AND TIME
",-0.5106,-0.9823,2018-02-04 00:00:00,8
" A no win situation for anyone...
",0.3818,-0.9147,2018-01-21 00:00:00,8
" Blown away !
",0.0,-0.6003,2017-12-25 00:00:00,9
" all have the power to be harsh
",-0.4404,0.3062,2017-12-22 00:00:00,10
" Great Post WWII Film
",0.6249,-0.7322,2017-12-21 00:00:00,9
" lesser done war movie
",-0.5994,-0.9602,2017-11-25 00:00:00,7
" A war film with a difference
",-0.5994,-0.9862,2017-11-07 00:00:00,7
" Worse Than A Prison Sentence
",-0.7269,-0.9246,2017-11-01 00:00:00,8
" Very sad movie
",-0.5256,-0.9806,2017-10-05 00:00:00,6
" good film but a bit too heavy
",0.2382,-0.9891,2017-10-01 00:00:00,7
" Sins of the Fatherland
",-0.4588,0.0258,2017-10-01 00:00:00,9
" We need more movies like that
",0.4173,-0.9982,2017-09-28 00:00:00,10
" Great writing makes this a powerful movie
",0.81,-0.9816,2017-07-27 00:00:00,8
" Under the sand there are plot devices of a different kind
",0.5267,0.9568,2017-07-26 00:00:00,9
" I'd almost give it a perfect rating!
",0.5759,-0.9375,2017-06-22 00:00:00,9
" What else could the Danes do?
",0.0,-0.9724,2017-04-20 00:00:00,7
" Experience the WWII.
",0.0,-0.959,2017-04-08 00:00:00,9
" Danish sergeant compels young German POWs to defuse buried mines.
",0.0,-0.9987,2017-03-29 00:00:00,9
" Some of the most heart-pulse racing moments you can have in a war history story that needs to be told.
",-0.5994,-0.9931,2017-03-29 00:00:00,8
" The inhumanity and hypocrisy of war........
",0.0,-0.9814,2017-03-27 00:00:00,9
" How much bravery is required just to persevere
",0.4939,-0.9566,2017-03-23 00:00:00,9
" Tough-as-nails post-WW II soldier drama from Denmark
",0.0,0.9686,2017-03-19 00:00:00,8
" Utterly heart-wrenching
",0.0,-0.9895,2017-03-01 00:00:00,9
" A film that can portray the war very well and its drama in a different way.
",-0.3626,0.9418,2017-02-23 00:00:00,8
" This makes ""The Hurt Locker"" seem like a walk in the park
",-0.2263,0.6597,2017-02-15 00:00:00,9
" dangerous work
",-0.4767,-0.5194,2017-02-15 00:00:00,7
" You will never forget this movie
",0.1695,0.8715,2017-02-15 00:00:00,10
" Grimm drama on the casualties of war
",-0.5994,-0.8847,2017-02-13 00:00:00,8
" The Only Good German is...
",0.4404,-0.5418,2017-01-29 00:00:00,8
" Hidden Heart
",0.0,0.3305,2017-01-25 00:00:00,9
" A follow-up war film with a difference
",-0.5994,0.8957,2017-01-09 00:00:00,8
" Good Kill = Good Movie!
",0.1007,0.8711,2020-12-01 00:00:00,10
" Boring
",-0.3182,-0.8689,2020-07-20 00:00:00,4
" Garbage
",0.0,0.9603,2019-11-01 00:00:00,1
" You can't handle the truth.
",-0.2411,-0.7236,2019-07-31 00:00:00,9
" Great acting can't save a stupid script
",0.6426,-0.4621,2019-02-27 00:00:00,6
" Solid drama on the ethics of drone warfare
",-0.1531,0.8074,2018-10-28 00:00:00,7
" A LOT OF LOVE WENT INTO THAT HATE
",0.128,-0.9078,2018-09-27 00:00:00,6
" Eye on the sky
",0.0,-0.9906,2018-09-25 00:00:00,5
" The Ultimate Movie Review! - http://tss5078.blogspot.com - @tss5078
",0.0,0.9462,2018-07-29 00:00:00,6
" Watch ""Eye in the Sky"" instead
",0.0,-0.4588,2018-06-30 00:00:00,3
" Cliche-Ridden, Boring Movie
",-0.3182,-0.9458,2018-06-10 00:00:00,3
" Watch ""Drones"" Instead
",0.0,-0.5423,2018-05-07 00:00:00,6
" not suit to Americans
",0.0,-0.5803,2018-03-18 00:00:00,8
" Delivers a very good and mindful point.
",0.4927,-0.8623,2018-03-17 00:00:00,6
" We are living in the future
",0.0,-0.9978,2018-03-05 00:00:00,8
" Grim, powerful stuff.
",-0.2263,-0.8751,2018-02-27 00:00:00,8
" Way too worthy
",0.4404,0.8945,2018-01-17 00:00:00,3
" Wow! Excellent movie! ... typical that it did not receive a wider release
",0.8436,0.8204,2017-06-18 00:00:00,10
" True and honest
",0.7269,0.9697,2017-05-24 00:00:00,10
" Excellent movie ... it will destroy you in tears
",-0.1779,0.836,2021-01-07 00:00:00,10
" Great and Simple
",0.6249,0.9118,2020-10-22 00:00:00,10
" A challange to become a better human being.
",0.4404,0.3506,2020-05-11 00:00:00,10
" Faith of a child in action
",0.4215,0.9618,2020-04-15 00:00:00,9
" Some movies make my eyes water...
",0.0,0.8882,2020-01-02 00:00:00,10
" Review of cursory reviews
",0.0,0.5106,2019-12-17 00:00:00,4
" Moving story
",0.0,-0.296,2019-12-17 00:00:00,7
" Wonderful
",0.5719,0.4404,2019-07-09 00:00:00,10
" An endearing message.
",0.0,0.743,2019-05-26 00:00:00,9
" Anti-American Propaganda
",-0.25,-0.8744,2019-03-09 00:00:00,1
" Pick one plot and stick with it!
",0.0,0.3612,2019-02-18 00:00:00,2
" faith of the little boy
",0.4215,0.9702,2019-01-22 00:00:00,8
" don't belittle the little boy
",0.3412,0.0772,2019-01-21 00:00:00,8
" beautifully heart-wrenching
",0.5719,0.9808,2018-11-09 00:00:00,10
" About what you'd expect from Christian cinema...
",0.0,-0.7269,2018-08-11 00:00:00,1
" Great date night movie
",0.6249,0.8402,2018-07-08 00:00:00,9
" Unrealistic, and ignorant
",-0.2732,-0.9402,2018-05-08 00:00:00,1
" A good light hearted flick which Metacritic scored 30 for reasons they wouldn't know too!!
",0.5399,0.9616,2017-05-26 00:00:00,7
" A perfect movie
",0.5719,0.9537,2021-03-18 00:00:00,10
" A bad episode of ""the crystal maze""
",-0.5423,0.9648,2020-12-22 00:00:00,2
" Wonderful, brilliant, funny, sad, and uplifting. Excellent!
",0.906,0.979,2020-09-25 00:00:00,10
" Excellent...
",0.0,0.9016,2020-09-06 00:00:00,9
" 50/50
",0.0,0.6497,2020-08-25 00:00:00,6
" Most enjoyable film in a long time!
",0.54,0.9842,2020-08-17 00:00:00,8
" You might want to sign up after meeting these characters
",0.0772,0.0112,2020-07-04 00:00:00,8
" 10/10???? You're having a laugh
",0.6767,0.2601,2020-06-10 00:00:00,5
" Poor
",-0.4767,-0.5933,2020-04-15 00:00:00,3
" A pretty basic plot
",0.4939,0.2661,2020-02-11 00:00:00,8
" American centric
",0.0,0.6597,2020-01-24 00:00:00,2
" Occasionally grim imperfect satire
",-0.6629,-0.8442,2019-11-24 00:00:00,7
" Embarrassing
",-0.3818,-0.5393,2019-11-09 00:00:00,2
" Enough Rope!
",0.0,0.9941,2019-11-07 00:00:00,8
" A Near-Perfect Movie
",0.0,0.8901,2019-10-25 00:00:00,8
" The location of the film was beautiful but that was about all I liked
",0.7311,-0.7469,2019-08-24 00:00:00,4
" They must have been drunk in Cannes.
",-0.34,-0.9486,2019-07-19 00:00:00,2
" So Depressing
",-0.4391,0.2374,2019-02-03 00:00:00,5
" Del Toro bags another bull
",0.0,0.9319,2019-01-29 00:00:00,8
" Loved the soundtrack
",0.5994,0.9022,2019-01-14 00:00:00,7
" A Perfect Cast as well. Recommended.
",0.765,0.5218,2018-12-13 00:00:00,7
" Propaganda
",-0.25,-0.2732,2018-12-04 00:00:00,1
" Stupid Movie
",-0.5267,-0.25,2018-11-18 00:00:00,3
" Fresh
",0.3182,-0.34,2018-11-07 00:00:00,9
" ""Oh, it's such a perfect day,I'm glad I spent it with you,Oh, such a perfect day,You just keep me hanging on.""
",0.886,0.8932,2018-09-17 00:00:00,9
" Ironic Humor with anti-war genre
",0.1531,0.7891,2018-09-01 00:00:00,7
" The film brilliantly captures the absurdities of war and complexities of NGO work!
",0.1007,-0.1531,2018-04-16 00:00:00,8
" Slow but...
",0.0,0.9723,2018-04-01 00:00:00,8
" A perfect analogue to Postlewaite and Caine's Emergency Sex
",0.2732,0.4852,2018-03-27 00:00:00,8
" An Imperfect Day
",-0.3182,-0.7721,2018-03-10 00:00:00,3
" Easily one of the worst movies I have ever seen.
",-0.4019,-0.9933,2018-02-28 00:00:00,1
" A Beautiful and Darkly Funny Film about an Awful Situation
",0.5859,-0.9288,2018-02-28 00:00:00,9
" Remarkable
",0.5574,0.9244,2018-02-18 00:00:00,8
" running in a circle
",0.0,0.8182,2017-08-06 00:00:00,8
" Amazing movie
",0.5859,0.91,2017-03-03 00:00:00,10
" A simple story about a rope
",0.0,-0.833,2017-01-14 00:00:00,10
" A Gentle Revelation
",0.4404,0.9703,2021-04-03 00:00:00,8
" Boring
",-0.3182,0.9586,2021-03-23 00:00:00,4
" Cinema Omnivore - Timbuktu (2014) 7.4/10
",0.0,0.7377,2021-02-07 00:00:00,7
" A HEARTBREAKING YET STRANGELY HOPEFUL STORY.
",-0.2263,-0.4588,2021-01-30 00:00:00,8
" ""Islamist repression in Azawad""
",-0.3818,-0.8363,2020-11-02 00:00:00,7
" A quietly powerful portrait of a place ruled by religion
",0.4215,-0.4215,2020-06-06 00:00:00,7
" Beautiful yet tragic
",0.2263,0.54,2020-05-23 00:00:00,9
" Daesh in Mauritania, amazing cinematography
",0.5859,-0.1531,2020-04-16 00:00:00,8
" Some aspects are working pretty well, but overall a fairly flawed movie
",0.3919,0.2985,2019-10-11 00:00:00,4
" The impact of Islamic fundamentalists on the Tuarag people
",0.0,0.8271,2019-02-24 00:00:00,7
" Devastating
",-0.6486,0.2732,2018-10-20 00:00:00,8
" Unexpected Gem
",0.0,0.1484,2018-09-14 00:00:00,10
" Very poor cinematography despite the award
",-0.7386,-0.2466,2018-06-08 00:00:00,2
" Beautiful cinematography but as for plot, not so much
",0.3506,-0.9829,2018-01-25 00:00:00,2
" A tale of the Islamist take-over of Mali that reframes our perspective on 'Terror.'
",0.0,-0.9561,2017-07-20 00:00:00,10
" A Necessary Film for the Turmoil in Africa Caused by Religious Extremism
",-0.3612,-0.9988,2017-07-14 00:00:00,9
" ""Where's leniency? Where's forgiveness, where's piety, where's exchange? Where's God in all this?""
",0.5775,0.9348,2017-07-08 00:00:00,9
" Fascinating; heart wrenching
",0.5423,-0.9604,2017-06-10 00:00:00,10
" Absolute masterpiece
",0.6249,0.9906,2017-02-25 00:00:00,9
" Give us a break.
",0.0,0.9485,2021-04-02 00:00:00,8
" Implausible story ruined by overscoring
",-0.4767,0.4019,2021-03-04 00:00:00,5
" Good film, dynamic performance by Plummer
",0.6705,0.9186,2021-02-14 00:00:00,7
" A lovely WWII Spy Thriller Romance
",0.8316,0.9118,2020-12-24 00:00:00,10
" great film
",0.6249,0.886,2020-12-09 00:00:00,9
" A historical war drama.
",-0.5994,0.4215,2020-12-04 00:00:00,10
" Excellent Casting (with one exception) and a really enjoyable story of love in war
",0.8016,0.9814,2020-11-05 00:00:00,8
" Historical revisionism
",0.0,0.9768,2020-09-28 00:00:00,5
" It's a comedy
",0.3612,0.8015,2020-09-10 00:00:00,7
" awful
",-0.4588,-0.6908,2020-09-08 00:00:00,2
" Christopher Plummer Is One Extraordinary Actor
",0.0,0.5423,2020-05-06 00:00:00,8
" Hidden Gem
",0.0,0.9451,2020-04-18 00:00:00,8
" History told through rose tinted glasses...
",0.0,0.9552,2020-04-12 00:00:00,7
" A tepid romance
",0.5574,0.9953,2020-03-29 00:00:00,6
" Excellent WWII Drama/Romance
",0.5719,0.289,2020-03-23 00:00:00,9
" ms. james nude
",0.0,0.7783,2020-02-25 00:00:00,8
" A good movie with some issues
",0.4404,0.9477,2020-02-17 00:00:00,6
" My kind of War movie.
",-0.6361,0.5038,2019-10-06 00:00:00,8
" Well mounted production of a very predictable tale
",0.2732,0.5023,2019-09-23 00:00:00,4
" Enjoyed this film showing different aspect of WWII
",0.5106,0.8752,2019-08-27 00:00:00,7
" Welcoming
",0.4404,0.7717,2019-08-24 00:00:00,7
" Plummer steals the show
",-0.5106,0.9061,2019-08-24 00:00:00,10
" Suspend disbelief to accept The Exception
",0.0772,-0.3147,2019-08-13 00:00:00,8
" A failed attempt for a war drama
",-0.802,0.6457,2019-08-11 00:00:00,2
" Prepare for boredom
",-0.3182,-0.6808,2019-07-27 00:00:00,1
" Engaging story with a satisfying outcome
",0.6597,0.9705,2019-05-05 00:00:00,8
" Enjoyable war drama
",-0.25,-0.3498,2019-04-24 00:00:00,7
" A marvelous story about ""the new and the old"" with a powerhouse performance by Christopher Plummer
",0.5994,-0.93,2019-02-10 00:00:00,8
" Great stuff. Can't remember the last time I enjoyed a movie this much
",0.8126,0.9246,2019-01-26 00:00:00,9
" Meh
",-0.0772,0.128,2019-01-09 00:00:00,7
" The Exception
",0.0,0.701,2018-12-28 00:00:00,6
" Not an Exception...
",0.0,0.9134,2018-12-19 00:00:00,7
" Cool Kaiser
",0.3182,-0.1054,2018-11-28 00:00:00,8
" Loved it!!
",0.6688,0.9317,2018-11-17 00:00:00,7
" The keyword is: Christopher Plummer
",0.0,0.9787,2018-10-27 00:00:00,7
" The Exception - Just Misses
",-0.2263,0.82,2018-10-06 00:00:00,4
" romanticized but worth seeing
",0.4215,0.9565,2018-10-06 00:00:00,7
" Thrilling, hilarious, lovely
",0.8625,0.9313,2018-09-09 00:00:00,8
" WW2, Spy, & Romance
",0.5574,0.6597,2018-08-24 00:00:00,10
" Not exceptional
",0.0,0.7626,2018-08-05 00:00:00,6
" soft-core harlequin
",0.0,0.8832,2018-06-30 00:00:00,3
" Some tense moments but...
",-0.34,-0.9391,2018-06-25 00:00:00,6
" More of a wartime drama than a war film
",-0.5994,0.9608,2018-06-13 00:00:00,8
" Unexpectedly riveting.
",0.0,0.9675,2018-06-12 00:00:00,8
" wartime espionage
",0.0,0.9827,2018-05-04 00:00:00,6
" Underrated movie
",0.0,0.8966,2018-03-26 00:00:00,7
" A look at the German Royal family during the WWII.
",0.0,0.9957,2018-02-04 00:00:00,8
" Good film, romance and action, bad ending.
",0.4588,-0.3071,2017-12-24 00:00:00,7
" Irresistibly good
",0.4404,0.9991,2017-11-23 00:00:00,9
" Totally underrated--touching, gripping, and perfect acting ensemble!!
",0.6467,0.9588,2017-10-25 00:00:00,10
" Plodding WWII drama with varying quality of performances
",0.0,-0.943,2017-09-28 00:00:00,5
" Became one of my most favorite movies in life!
",0.5551,0.8897,2017-09-25 00:00:00,10
" A rollicking good yarn
",0.4404,0.5248,2017-09-24 00:00:00,7
" Middle of the Road Romance War Drama
",-0.0772,0.9974,2017-08-30 00:00:00,6
" Good evening's entertainment with fabulous acting
",0.8442,0.7555,2017-08-27 00:00:00,8
" Just not good enough
",-0.3412,0.8007,2017-08-20 00:00:00,5
" If You Enjoy WWII Movies, You'll Definitely Enjoy This!
",0.8553,0.9416,2017-08-19 00:00:00,7
" An intimate, simple movie with a message
",0.0,0.8321,2017-08-16 00:00:00,8
" Not The Rule
",0.0,0.9962,2017-08-15 00:00:00,7
" Trash
",0.0,0.7982,2017-08-12 00:00:00,1
" The Fuehrer thinks of everything
",0.0,0.1621,2017-07-26 00:00:00,7
" Good Premise, Average Execution
",0.4404,-0.9625,2017-07-23 00:00:00,5
" An underrated movie with great acting.
",0.6249,0.9774,2017-07-16 00:00:00,8
" So So World War II Romance
",-0.2125,0.9709,2017-07-03 00:00:00,5
" The Kaiser in exile in Holland
",0.0,0.9979,2017-07-02 00:00:00,10
" Spy drama comes to life in the second half
",0.0,0.9823,2017-06-28 00:00:00,7
" A generally good movie
",0.4404,0.898,2017-06-27 00:00:00,6
" Extraordinary Christopher
",0.0,0.9906,2017-06-26 00:00:00,7
" Clever and exciting and romantic
",0.836,0.9891,2017-06-23 00:00:00,10
" Delightful war fluff, well acted!
",0.3164,0.9254,2017-06-22 00:00:00,9
" Another fairy tale for children
",0.0,0.9725,2017-06-20 00:00:00,3
" kaiser wilhelm in exile
",0.0,0.734,2017-06-16 00:00:00,6
" Exceptional!
",0.0,0.9511,2017-06-14 00:00:00,7
" Enjoyable with some discomfort
",0.0258,0.4497,2017-06-14 00:00:00,6
" Beautiful film
",0.5994,0.9366,2017-06-13 00:00:00,9
" Great Story, brilliant direction and terrific performances makes this film so good!
",0.9436,0.9947,2017-06-11 00:00:00,8
" Interesting Nazi Film
",0.4019,0.9346,2017-06-04 00:00:00,10
" A beautifully honed film
",0.5719,0.9776,2017-06-04 00:00:00,10
" romance between 2 gorgeous people.....
",0.8225,-0.9254,2017-06-03 00:00:00,8
" Charming romance
",0.8126,0.989,2017-06-01 00:00:00,10
" A semi-fictional account of the last days of Kaiser Wilhelm II
",0.0,-0.7883,2017-05-20 00:00:00,10
" Stereotype after stereotype to make dumb people even dumber
",-0.8555,-0.8166,2020-11-30 00:00:00,2
" A film with potential that doesn't quite achieve what it could have
",0.0,-0.5859,2020-09-07 00:00:00,5
" Forget the negative reviews, and judge for yourself. You won't regret it.
",-0.5053,0.9562,2020-08-02 00:00:00,8
" Acting Is Great, But LOL Afghans Are Aryan People
",0.81,0.976,2020-08-01 00:00:00,10
" A Hidden Classic To Be
",0.0,0.9337,2020-04-16 00:00:00,10
" very funny and witty. Also, eye-opener to someone thats never served in the military.
",0.4927,0.9382,2020-04-09 00:00:00,10
" Deep Sleeper ...
",0.0,0.9964,2020-03-09 00:00:00,10
" Rock The Kasbah
",0.0,0.9385,2020-01-24 00:00:00,10
" A great, funny, smart and heartfelt film.
",0.9217,0.6249,2020-01-17 00:00:00,10
" Inspired by a true story
",0.7184,0.9072,2019-10-06 00:00:00,8
" Not the worst Bill Murray film
",0.5096,0.628,2019-09-27 00:00:00,5
" Patronizing and Offensive
",-0.4588,-0.411,2019-04-15 00:00:00,1
" How can do many good cast members make such a stinker?
",0.1027,0.6124,2019-04-13 00:00:00,2
" It doesn't go anywhere
",0.0,-0.6122,2018-11-20 00:00:00,4
" Comedy, Music, War, Hope and Dreams
",0.4939,0.9118,2018-09-14 00:00:00,8
" All Talk, No Rock!
",-0.3595,0.8035,2017-09-18 00:00:00,3
" Uneven yet entertaining show
",0.4404,0.9844,2017-08-16 00:00:00,7
" The sadly never ending story of corporate greed and destruction
",-0.8481,0.137,2020-06-19 00:00:00,9
" Conservation in a live conflict zone
",-0.3182,0.9952,2020-05-24 00:00:00,8
" Difficult to watch but absolutely fascinating
",0.664,-0.6076,2020-05-12 00:00:00,9
" Really impressive
",0.5563,0.7425,2020-04-25 00:00:00,10
" What I thought this would be vs an uncomfortable and tense journey through age old human greed story
",-0.7717,0.9697,2019-10-19 00:00:00,10
" Why would anyone rate this under 10/10??!
",0.0,0.9525,2018-10-18 00:00:00,10
" critical
",-0.3182,-0.7269,2018-04-25 00:00:00,7
